{
  "Total" : {
    "transaction" : "Total",
    "sampleCount" : 14082,
    "errorCount" : 2333,
    "errorPct" : 16.56725,
    "meanResTime" : 601.8507314301924,
    "medianResTime" : 305.0,
    "minResTime" : 63.0,
    "maxResTime" : 21504.0,
    "pct1ResTime" : 1525.0,
    "pct2ResTime" : 1560.0,
    "pct3ResTime" : 2688.0,
    "throughput" : 33.124764772299585,
    "receivedKBytesPerSec" : 33.1158931963328,
    "sentKBytesPerSec" : 7.65791818707071
  },
  "HTTP Request" : {
    "transaction" : "HTTP Request",
    "sampleCount" : 14082,
    "errorCount" : 2333,
    "errorPct" : 16.56725,
    "meanResTime" : 601.8507314301924,
    "medianResTime" : 305.0,
    "minResTime" : 63.0,
    "maxResTime" : 21504.0,
    "pct1ResTime" : 1525.0,
    "pct2ResTime" : 1560.0,
    "pct3ResTime" : 2688.0,
    "throughput" : 33.124764772299585,
    "receivedKBytesPerSec" : 33.1158931963328,
    "sentKBytesPerSec" : 7.65791818707071
  }
}